[{"model": "admin.logentry", "pk": 1, "fields": {"action_time": "2022-08-22T21:09:32.691Z", "user": 1, "content_type": 6, "object_id": "1", "object_repr": "Computadoras", "action_flag": 1, "change_message": "[{\"added\": {}}]"}}, {"model": "admin.logentry", "pk": 2, "fields": {"action_time": "2022-08-22T21:13:41.515Z", "user": 1, "content_type": 6, "object_id": "2", "object_repr": "Ropa de verano", "action_flag": 1, "change_message": "[{\"added\": {}}]"}}, {"model": "admin.logentry", "pk": 3, "fields": {"action_time": "2022-08-22T21:14:18.417Z", "user": 1, "content_type": 6, "object_id": "3", "object_repr": "Música y Media", "action_flag": 1, "change_message": "[{\"added\": {}}]"}}, {"model": "admin.logentry", "pk": 4, "fields": {"action_time": "2022-08-22T21:15:11.700Z", "user": 1, "content_type": 6, "object_id": "4", "object_repr": "Muebles de oficina", "action_flag": 1, "change_message": "[{\"added\": {}}]"}}, {"model": "admin.logentry", "pk": 5, "fields": {"action_time": "2022-08-22T21:15:30.326Z", "user": 1, "content_type": 6, "object_id": "5", "object_repr": "Tecnología", "action_flag": 1, "change_message": "[{\"added\": {}}]"}}, {"model": "admin.logentry", "pk": 6, "fields": {"action_time": "2022-08-22T21:15:53.495Z", "user": 1, "content_type": 6, "object_id": "4", "object_repr": "Muebles de oficina", "action_flag": 2, "change_message": "[{\"changed\": {\"fields\": [\"Cat image\"]}}]"}}, {"model": "admin.logentry", "pk": 7, "fields": {"action_time": "2022-08-23T16:34:44.095Z", "user": 1, "content_type": 8, "object_id": "1", "object_repr": "Headphones", "action_flag": 1, "change_message": "[{\"added\": {}}]"}}, {"model": "admin.logentry", "pk": 8, "fields": {"action_time": "2022-08-23T16:35:47.950Z", "user": 1, "content_type": 8, "object_id": "2", "object_repr": "IpadPro", "action_flag": 1, "change_message": "[{\"added\": {}}]"}}, {"model": "admin.logentry", "pk": 9, "fields": {"action_time": "2022-08-23T16:36:32.681Z", "user": 1, "content_type": 8, "object_id": "3", "object_repr": "Equipo de sonido", "action_flag": 1, "change_message": "[{\"added\": {}}]"}}, {"model": "admin.logentry", "pk": 10, "fields": {"action_time": "2022-08-23T16:37:08.431Z", "user": 1, "content_type": 8, "object_id": "4", "object_repr": "Game chair", "action_flag": 1, "change_message": "[{\"added\": {}}]"}}, {"model": "admin.logentry", "pk": 11, "fields": {"action_time": "2022-08-23T16:37:39.097Z", "user": 1, "content_type": 8, "object_id": "5", "object_repr": "Monitor MSI", "action_flag": 1, "change_message": "[{\"added\": {}}]"}}, {"model": "admin.logentry", "pk": 12, "fields": {"action_time": "2022-08-23T16:38:09.124Z", "user": 1, "content_type": 8, "object_id": "6", "object_repr": "Mouse logitech", "action_flag": 1, "change_message": "[{\"added\": {}}]"}}, {"model": "admin.logentry", "pk": 13, "fields": {"action_time": "2022-08-23T16:38:35.075Z", "user": 1, "content_type": 8, "object_id": "7", "object_repr": "Camisa primavera", "action_flag": 1, "change_message": "[{\"added\": {}}]"}}, {"model": "admin.logentry", "pk": 14, "fields": {"action_time": "2022-08-23T16:39:10.842Z", "user": 1, "content_type": 8, "object_id": "8", "object_repr": "Macbook Pro", "action_flag": 1, "change_message": "[{\"added\": {}}]"}}, {"model": "admin.logentry", "pk": 15, "fields": {"action_time": "2022-08-23T16:41:09.723Z", "user": 1, "content_type": 8, "object_id": "9", "object_repr": "AirPods", "action_flag": 1, "change_message": "[{\"added\": {}}]"}}, {"model": "admin.logentry", "pk": 16, "fields": {"action_time": "2022-08-23T16:41:45.954Z", "user": 1, "content_type": 8, "object_id": "10", "object_repr": "Computadora desktop", "action_flag": 1, "change_message": "[{\"added\": {}}]"}}, {"model": "admin.logentry", "pk": 17, "fields": {"action_time": "2022-08-23T16:42:20.345Z", "user": 1, "content_type": 8, "object_id": "11", "object_repr": "Camisa moderna", "action_flag": 1, "change_message": "[{\"added\": {}}]"}}, {"model": "admin.logentry", "pk": 18, "fields": {"action_time": "2022-08-23T16:46:03.726Z", "user": 1, "content_type": 8, "object_id": "12", "object_repr": "Headphones Apple", "action_flag": 1, "change_message": "[{\"added\": {}}]"}}, {"model": "admin.logentry", "pk": 19, "fields": {"action_time": "2022-08-23T17:00:14.393Z", "user": 1, "content_type": 8, "object_id": "1", "object_repr": "Headphones", "action_flag": 2, "change_message": "[{\"changed\": {\"fields\": [\"Images\"]}}]"}}, {"model": "admin.logentry", "pk": 20, "fields": {"action_time": "2022-08-23T17:00:35.591Z", "user": 1, "content_type": 8, "object_id": "1", "object_repr": "Headphones", "action_flag": 2, "change_message": "[{\"changed\": {\"fields\": [\"Images\"]}}]"}}, {"model": "admin.logentry", "pk": 21, "fields": {"action_time": "2022-08-23T17:00:44.681Z", "user": 1, "content_type": 8, "object_id": "12", "object_repr": "Headphones Apple", "action_flag": 2, "change_message": "[{\"changed\": {\"fields\": [\"Images\"]}}]"}}, {"model": "admin.logentry", "pk": 22, "fields": {"action_time": "2022-08-23T17:34:45.434Z", "user": 1, "content_type": 8, "object_id": "12", "object_repr": "Headphones Apple", "action_flag": 2, "change_message": "[]"}}, {"model": "admin.logentry", "pk": 23, "fields": {"action_time": "2022-08-23T17:34:50.456Z", "user": 1, "content_type": 8, "object_id": "7", "object_repr": "Camisa primavera", "action_flag": 2, "change_message": "[]"}}, {"model": "admin.logentry", "pk": 24, "fields": {"action_time": "2022-08-23T17:35:46.437Z", "user": 1, "content_type": 6, "object_id": "5", "object_repr": "Tecnología", "action_flag": 2, "change_message": "[]"}}, {"model": "admin.logentry", "pk": 25, "fields": {"action_time": "2022-08-23T20:40:18.575Z", "user": 1, "content_type": 8, "object_id": "2", "object_repr": "Ipad Pro", "action_flag": 2, "change_message": "[{\"changed\": {\"fields\": [\"Product name\"]}}]"}}, {"model": "admin.logentry", "pk": 26, "fields": {"action_time": "2022-08-23T20:40:37.654Z", "user": 1, "content_type": 8, "object_id": "2", "object_repr": "Ipad Pro", "action_flag": 2, "change_message": "[{\"changed\": {\"fields\": [\"Slug\"]}}]"}}, {"model": "admin.logentry", "pk": 27, "fields": {"action_time": "2022-08-23T20:57:55.675Z", "user": 1, "content_type": 8, "object_id": "1", "object_repr": "Headphones", "action_flag": 2, "change_message": "[{\"changed\": {\"fields\": [\"Stock\"]}}]"}}, {"model": "admin.logentry", "pk": 28, "fields": {"action_time": "2022-08-25T17:15:10.818Z", "user": 1, "content_type": 10, "object_id": "2", "object_repr": "CartItem object (2)", "action_flag": 1, "change_message": "[{\"added\": {}}]"}}, {"model": "admin.logentry", "pk": 29, "fields": {"action_time": "2022-08-25T17:15:30.927Z", "user": 1, "content_type": 10, "object_id": "2", "object_repr": "CartItem object (2)", "action_flag": 2, "change_message": "[]"}}, {"model": "admin.logentry", "pk": 30, "fields": {"action_time": "2022-08-25T17:15:49.324Z", "user": 1, "content_type": 10, "object_id": "3", "object_repr": "CartItem object (3)", "action_flag": 1, "change_message": "[{\"added\": {}}]"}}, {"model": "admin.logentry", "pk": 31, "fields": {"action_time": "2022-08-25T17:23:26.666Z", "user": 1, "content_type": 10, "object_id": "3", "object_repr": "CartItem object (3)", "action_flag": 2, "change_message": "[{\"changed\": {\"fields\": [\"Quantity\"]}}]"}}, {"model": "admin.logentry", "pk": 32, "fields": {"action_time": "2022-08-26T16:19:01.316Z", "user": 1, "content_type": 10, "object_id": "3", "object_repr": "CartItem object (3)", "action_flag": 2, "change_message": "[{\"changed\": {\"fields\": [\"Quantity\"]}}]"}}, {"model": "admin.logentry", "pk": 33, "fields": {"action_time": "2022-08-29T17:34:06.321Z", "user": 1, "content_type": 11, "object_id": "1", "object_repr": "Variation object (1)", "action_flag": 1, "change_message": "[{\"added\": {}}]"}}, {"model": "admin.logentry", "pk": 34, "fields": {"action_time": "2022-08-29T17:34:18.141Z", "user": 1, "content_type": 11, "object_id": "2", "object_repr": "Variation object (2)", "action_flag": 1, "change_message": "[{\"added\": {}}]"}}, {"model": "admin.logentry", "pk": 35, "fields": {"action_time": "2022-08-29T17:34:29.919Z", "user": 1, "content_type": 11, "object_id": "3", "object_repr": "Variation object (3)", "action_flag": 1, "change_message": "[{\"added\": {}}]"}}, {"model": "admin.logentry", "pk": 36, "fields": {"action_time": "2022-08-29T17:34:39.583Z", "user": 1, "content_type": 11, "object_id": "4", "object_repr": "Variation object (4)", "action_flag": 1, "change_message": "[{\"added\": {}}]"}}, {"model": "admin.logentry", "pk": 37, "fields": {"action_time": "2022-08-29T17:34:50.430Z", "user": 1, "content_type": 11, "object_id": "5", "object_repr": "Variation object (5)", "action_flag": 1, "change_message": "[{\"added\": {}}]"}}, {"model": "admin.logentry", "pk": 38, "fields": {"action_time": "2022-08-29T17:34:58.180Z", "user": 1, "content_type": 11, "object_id": "6", "object_repr": "Variation object (6)", "action_flag": 1, "change_message": "[{\"added\": {}}]"}}, {"model": "admin.logentry", "pk": 39, "fields": {"action_time": "2022-08-29T17:35:06.607Z", "user": 1, "content_type": 11, "object_id": "7", "object_repr": "Variation object (7)", "action_flag": 1, "change_message": "[{\"added\": {}}]"}}, {"model": "admin.logentry", "pk": 40, "fields": {"action_time": "2022-08-29T20:58:13.368Z", "user": 1, "content_type": 10, "object_id": "20", "object_repr": "CartItem object (20)", "action_flag": 3, "change_message": ""}}, {"model": "admin.logentry", "pk": 41, "fields": {"action_time": "2022-08-29T20:58:13.371Z", "user": 1, "content_type": 10, "object_id": "19", "object_repr": "CartItem object (19)", "action_flag": 3, "change_message": ""}}, {"model": "admin.logentry", "pk": 42, "fields": {"action_time": "2022-08-29T20:58:13.373Z", "user": 1, "content_type": 10, "object_id": "18", "object_repr": "CartItem object (18)", "action_flag": 3, "change_message": ""}}, {"model": "admin.logentry", "pk": 43, "fields": {"action_time": "2022-08-29T20:58:13.374Z", "user": 1, "content_type": 10, "object_id": "17", "object_repr": "CartItem object (17)", "action_flag": 3, "change_message": ""}}, {"model": "admin.logentry", "pk": 44, "fields": {"action_time": "2022-08-31T21:00:41.308Z", "user": 1, "content_type": 7, "object_id": "5", "object_repr": "erick@hotmail.com", "action_flag": 3, "change_message": ""}}, {"model": "admin.logentry", "pk": 45, "fields": {"action_time": "2022-09-06T17:33:31.172Z", "user": 1, "content_type": 9, "object_id": "5", "object_repr": "9fowoer28a9teb3ivzujh42i4xrxiwz8", "action_flag": 3, "change_message": ""}}, {"model": "admin.logentry", "pk": 46, "fields": {"action_time": "2022-09-06T17:33:31.176Z", "user": 1, "content_type": 9, "object_id": "4", "object_repr": "hh7u3b1itqsn8asln15u9tejibm0suni", "action_flag": 3, "change_message": ""}}, {"model": "admin.logentry", "pk": 47, "fields": {"action_time": "2022-09-06T17:33:31.177Z", "user": 1, "content_type": 9, "object_id": "3", "object_repr": "7yy5nqr8byjlqlbgw38njdtukc90ddy3", "action_flag": 3, "change_message": ""}}, {"model": "admin.logentry", "pk": 48, "fields": {"action_time": "2022-09-06T17:33:31.179Z", "user": 1, "content_type": 9, "object_id": "2", "object_repr": "0zl80lq8gg85lcg1zmf8j94l8qxm4gly", "action_flag": 3, "change_message": ""}}, {"model": "admin.logentry", "pk": 49, "fields": {"action_time": "2022-09-06T17:33:31.181Z", "user": 1, "content_type": 9, "object_id": "1", "object_repr": "qgf62qnf01i57vzp8dvgaqr7mci5841j", "action_flag": 3, "change_message": ""}}, {"model": "admin.logentry", "pk": 50, "fields": {"action_time": "2022-09-06T17:35:15.783Z", "user": 1, "content_type": 10, "object_id": "32", "object_repr": "CartItem object (32)", "action_flag": 3, "change_message": ""}}, {"model": "admin.logentry", "pk": 51, "fields": {"action_time": "2022-09-06T17:35:15.785Z", "user": 1, "content_type": 10, "object_id": "31", "object_repr": "CartItem object (31)", "action_flag": 3, "change_message": ""}}, {"model": "admin.logentry", "pk": 52, "fields": {"action_time": "2022-09-06T17:35:22.271Z", "user": 1, "content_type": 9, "object_id": "7", "object_repr": "83hy94ypothe53xt8eopdrwyq5ydw3nh", "action_flag": 3, "change_message": ""}}, {"model": "admin.logentry", "pk": 53, "fields": {"action_time": "2022-09-06T17:35:22.273Z", "user": 1, "content_type": 9, "object_id": "6", "object_repr": "d9m6ibthu7efgdkjveby9gcyidqojco3", "action_flag": 3, "change_message": ""}}, {"model": "admin.logentry", "pk": 54, "fields": {"action_time": "2022-09-06T18:12:59.336Z", "user": 1, "content_type": 10, "object_id": "36", "object_repr": "CartItem object (36)", "action_flag": 3, "change_message": ""}}, {"model": "admin.logentry", "pk": 55, "fields": {"action_time": "2022-09-06T18:12:59.339Z", "user": 1, "content_type": 10, "object_id": "35", "object_repr": "CartItem object (35)", "action_flag": 3, "change_message": ""}}, {"model": "admin.logentry", "pk": 56, "fields": {"action_time": "2022-09-06T18:12:59.341Z", "user": 1, "content_type": 10, "object_id": "34", "object_repr": "CartItem object (34)", "action_flag": 3, "change_message": ""}}, {"model": "admin.logentry", "pk": 57, "fields": {"action_time": "2022-09-06T18:12:59.343Z", "user": 1, "content_type": 10, "object_id": "33", "object_repr": "CartItem object (33)", "action_flag": 3, "change_message": ""}}, {"model": "admin.logentry", "pk": 58, "fields": {"action_time": "2022-09-06T18:13:05.550Z", "user": 1, "content_type": 9, "object_id": "11", "object_repr": "dg7vjasaydmzpx1xvkebhmix7wezc0ib", "action_flag": 3, "change_message": ""}}, {"model": "admin.logentry", "pk": 59, "fields": {"action_time": "2022-09-06T18:13:05.552Z", "user": 1, "content_type": 9, "object_id": "10", "object_repr": "v3g99h7lhhjnsg0xqaji586hbhjliy6w", "action_flag": 3, "change_message": ""}}, {"model": "admin.logentry", "pk": 60, "fields": {"action_time": "2022-09-06T18:13:05.554Z", "user": 1, "content_type": 9, "object_id": "9", "object_repr": "4hf8tl64mdcfuxqiohd42w9y3v3w4tzl", "action_flag": 3, "change_message": ""}}, {"model": "admin.logentry", "pk": 61, "fields": {"action_time": "2022-09-06T18:13:05.556Z", "user": 1, "content_type": 9, "object_id": "8", "object_repr": "0lqrmqlz3uva1uwznqfaliwmcfhy7goa", "action_flag": 3, "change_message": ""}}, {"model": "admin.logentry", "pk": 62, "fields": {"action_time": "2022-09-06T18:26:12.336Z", "user": 1, "content_type": 10, "object_id": "39", "object_repr": "CartItem object (39)", "action_flag": 3, "change_message": ""}}, {"model": "admin.logentry", "pk": 63, "fields": {"action_time": "2022-09-06T18:26:12.339Z", "user": 1, "content_type": 10, "object_id": "38", "object_repr": "CartItem object (38)", "action_flag": 3, "change_message": ""}}, {"model": "admin.logentry", "pk": 64, "fields": {"action_time": "2022-09-06T18:26:12.341Z", "user": 1, "content_type": 10, "object_id": "37", "object_repr": "CartItem object (37)", "action_flag": 3, "change_message": ""}}, {"model": "admin.logentry", "pk": 65, "fields": {"action_time": "2022-09-06T18:26:17.514Z", "user": 1, "content_type": 9, "object_id": "12", "object_repr": "t6f7eyei23jrl47168q0ojyhtme7fk00", "action_flag": 3, "change_message": ""}}, {"model": "admin.logentry", "pk": 66, "fields": {"action_time": "2022-09-19T16:57:32.632Z", "user": 1, "content_type": 12, "object_id": "40", "object_repr": "sdfsbfss", "action_flag": 3, "change_message": ""}}, {"model": "admin.logentry", "pk": 67, "fields": {"action_time": "2022-09-19T16:57:32.636Z", "user": 1, "content_type": 12, "object_id": "39", "object_repr": "wedfgh", "action_flag": 3, "change_message": ""}}, {"model": "admin.logentry", "pk": 68, "fields": {"action_time": "2022-09-19T16:57:32.638Z", "user": 1, "content_type": 12, "object_id": "38", "object_repr": "wedfgh", "action_flag": 3, "change_message": ""}}, {"model": "admin.logentry", "pk": 69, "fields": {"action_time": "2022-09-19T16:57:32.639Z", "user": 1, "content_type": 12, "object_id": "37", "object_repr": "wedfgh", "action_flag": 3, "change_message": ""}}, {"model": "admin.logentry", "pk": 70, "fields": {"action_time": "2022-09-19T16:57:32.641Z", "user": 1, "content_type": 12, "object_id": "36", "object_repr": "wedfgh", "action_flag": 3, "change_message": ""}}, {"model": "admin.logentry", "pk": 71, "fields": {"action_time": "2022-09-19T16:57:32.643Z", "user": 1, "content_type": 12, "object_id": "35", "object_repr": "wedfgh", "action_flag": 3, "change_message": ""}}, {"model": "admin.logentry", "pk": 72, "fields": {"action_time": "2022-09-19T16:57:32.645Z", "user": 1, "content_type": 12, "object_id": "34", "object_repr": "fghjk", "action_flag": 3, "change_message": ""}}, {"model": "admin.logentry", "pk": 73, "fields": {"action_time": "2022-09-19T16:57:32.646Z", "user": 1, "content_type": 12, "object_id": "33", "object_repr": "fghjk", "action_flag": 3, "change_message": ""}}, {"model": "admin.logentry", "pk": 74, "fields": {"action_time": "2022-09-19T16:57:32.648Z", "user": 1, "content_type": 12, "object_id": "32", "object_repr": "qwerfgh", "action_flag": 3, "change_message": ""}}, {"model": "admin.logentry", "pk": 75, "fields": {"action_time": "2022-09-19T16:57:32.649Z", "user": 1, "content_type": 12, "object_id": "31", "object_repr": "qwerfgh", "action_flag": 3, "change_message": ""}}, {"model": "admin.logentry", "pk": 76, "fields": {"action_time": "2022-09-19T16:57:32.650Z", "user": 1, "content_type": 12, "object_id": "30", "object_repr": "sadfg", "action_flag": 3, "change_message": ""}}, {"model": "admin.logentry", "pk": 77, "fields": {"action_time": "2022-09-19T16:57:32.652Z", "user": 1, "content_type": 12, "object_id": "29", "object_repr": "sadfg", "action_flag": 3, "change_message": ""}}, {"model": "admin.logentry", "pk": 78, "fields": {"action_time": "2022-09-19T16:57:32.653Z", "user": 1, "content_type": 12, "object_id": "28", "object_repr": "Freddy", "action_flag": 3, "change_message": ""}}, {"model": "admin.logentry", "pk": 79, "fields": {"action_time": "2022-09-19T16:57:32.655Z", "user": 1, "content_type": 12, "object_id": "27", "object_repr": "Freddy", "action_flag": 3, "change_message": ""}}, {"model": "admin.logentry", "pk": 80, "fields": {"action_time": "2022-09-19T16:57:32.656Z", "user": 1, "content_type": 12, "object_id": "26", "object_repr": "Freddy", "action_flag": 3, "change_message": ""}}, {"model": "admin.logentry", "pk": 81, "fields": {"action_time": "2022-09-19T16:57:32.658Z", "user": 1, "content_type": 12, "object_id": "25", "object_repr": "Christian", "action_flag": 3, "change_message": ""}}, {"model": "admin.logentry", "pk": 82, "fields": {"action_time": "2022-09-19T16:57:32.660Z", "user": 1, "content_type": 12, "object_id": "24", "object_repr": "Christian", "action_flag": 3, "change_message": ""}}, {"model": "admin.logentry", "pk": 83, "fields": {"action_time": "2022-09-19T16:57:32.661Z", "user": 1, "content_type": 12, "object_id": "23", "object_repr": "Christian", "action_flag": 3, "change_message": ""}}, {"model": "admin.logentry", "pk": 84, "fields": {"action_time": "2022-09-19T16:57:32.663Z", "user": 1, "content_type": 12, "object_id": "22", "object_repr": "Christian", "action_flag": 3, "change_message": ""}}, {"model": "admin.logentry", "pk": 85, "fields": {"action_time": "2022-09-19T16:57:32.664Z", "user": 1, "content_type": 12, "object_id": "21", "object_repr": "Christian", "action_flag": 3, "change_message": ""}}, {"model": "admin.logentry", "pk": 86, "fields": {"action_time": "2022-09-19T16:57:40.206Z", "user": 1, "content_type": 12, "object_id": "20", "object_repr": "Christian", "action_flag": 3, "change_message": ""}}, {"model": "admin.logentry", "pk": 87, "fields": {"action_time": "2022-09-19T16:57:40.208Z", "user": 1, "content_type": 12, "object_id": "19", "object_repr": "Christian", "action_flag": 3, "change_message": ""}}, {"model": "admin.logentry", "pk": 88, "fields": {"action_time": "2022-09-19T16:57:40.210Z", "user": 1, "content_type": 12, "object_id": "18", "object_repr": "Christian", "action_flag": 3, "change_message": ""}}, {"model": "admin.logentry", "pk": 89, "fields": {"action_time": "2022-09-19T16:57:40.212Z", "user": 1, "content_type": 12, "object_id": "17", "object_repr": "Arturo", "action_flag": 3, "change_message": ""}}, {"model": "admin.logentry", "pk": 90, "fields": {"action_time": "2022-09-19T16:57:40.213Z", "user": 1, "content_type": 12, "object_id": "16", "object_repr": "Arturo", "action_flag": 3, "change_message": ""}}, {"model": "admin.logentry", "pk": 91, "fields": {"action_time": "2022-09-19T16:57:40.215Z", "user": 1, "content_type": 12, "object_id": "15", "object_repr": "Arturo", "action_flag": 3, "change_message": ""}}, {"model": "admin.logentry", "pk": 92, "fields": {"action_time": "2022-09-19T16:57:40.216Z", "user": 1, "content_type": 12, "object_id": "14", "object_repr": "Arturo", "action_flag": 3, "change_message": ""}}, {"model": "admin.logentry", "pk": 93, "fields": {"action_time": "2022-09-19T16:57:40.218Z", "user": 1, "content_type": 12, "object_id": "13", "object_repr": "Arturo", "action_flag": 3, "change_message": ""}}, {"model": "admin.logentry", "pk": 94, "fields": {"action_time": "2022-09-19T16:57:40.221Z", "user": 1, "content_type": 12, "object_id": "12", "object_repr": "Arturo", "action_flag": 3, "change_message": ""}}, {"model": "admin.logentry", "pk": 95, "fields": {"action_time": "2022-09-19T16:57:40.223Z", "user": 1, "content_type": 12, "object_id": "11", "object_repr": "Arturo", "action_flag": 3, "change_message": ""}}, {"model": "admin.logentry", "pk": 96, "fields": {"action_time": "2022-09-19T16:57:40.224Z", "user": 1, "content_type": 12, "object_id": "10", "object_repr": "Arturo", "action_flag": 3, "change_message": ""}}, {"model": "admin.logentry", "pk": 97, "fields": {"action_time": "2022-09-19T16:57:40.225Z", "user": 1, "content_type": 12, "object_id": "9", "object_repr": "Arturo", "action_flag": 3, "change_message": ""}}, {"model": "admin.logentry", "pk": 98, "fields": {"action_time": "2022-09-19T16:57:40.227Z", "user": 1, "content_type": 12, "object_id": "8", "object_repr": "Arturo", "action_flag": 3, "change_message": ""}}, {"model": "admin.logentry", "pk": 99, "fields": {"action_time": "2022-09-19T16:57:40.229Z", "user": 1, "content_type": 12, "object_id": "7", "object_repr": "Arturo", "action_flag": 3, "change_message": ""}}, {"model": "admin.logentry", "pk": 100, "fields": {"action_time": "2022-09-19T16:57:40.230Z", "user": 1, "content_type": 12, "object_id": "6", "object_repr": "Arturo", "action_flag": 3, "change_message": ""}}, {"model": "admin.logentry", "pk": 101, "fields": {"action_time": "2022-09-19T16:57:40.231Z", "user": 1, "content_type": 12, "object_id": "5", "object_repr": "Arturo", "action_flag": 3, "change_message": ""}}, {"model": "admin.logentry", "pk": 102, "fields": {"action_time": "2022-09-19T16:57:40.233Z", "user": 1, "content_type": 12, "object_id": "4", "object_repr": "Arturo", "action_flag": 3, "change_message": ""}}, {"model": "admin.logentry", "pk": 103, "fields": {"action_time": "2022-09-19T16:57:40.234Z", "user": 1, "content_type": 12, "object_id": "3", "object_repr": "Arturo", "action_flag": 3, "change_message": ""}}, {"model": "admin.logentry", "pk": 104, "fields": {"action_time": "2022-09-19T16:57:40.235Z", "user": 1, "content_type": 12, "object_id": "2", "object_repr": "Arturo", "action_flag": 3, "change_message": ""}}, {"model": "admin.logentry", "pk": 105, "fields": {"action_time": "2022-09-19T16:57:40.237Z", "user": 1, "content_type": 12, "object_id": "1", "object_repr": "Jorge", "action_flag": 3, "change_message": ""}}, {"model": "admin.logentry", "pk": 106, "fields": {"action_time": "2022-09-19T16:57:48.070Z", "user": 1, "content_type": 14, "object_id": "2", "object_repr": "2RN75282L1984854U", "action_flag": 3, "change_message": ""}}, {"model": "admin.logentry", "pk": 107, "fields": {"action_time": "2022-09-19T16:57:48.073Z", "user": 1, "content_type": 14, "object_id": "1", "object_repr": "38L147969B6338645", "action_flag": 3, "change_message": ""}}, {"model": "admin.logentry", "pk": 108, "fields": {"action_time": "2022-09-19T17:04:53.650Z", "user": 1, "content_type": 15, "object_id": "1", "object_repr": "Buen producto", "action_flag": 1, "change_message": "[{\"added\": {}}]"}}, {"model": "admin.logentry", "pk": 109, "fields": {"action_time": "2022-09-21T16:32:16.967Z", "user": 1, "content_type": 7, "object_id": "1", "object_repr": "drfuser@gmail.com", "action_flag": 2, "change_message": "[{\"changed\": {\"fields\": [\"Phone number\"]}}]"}}, {"model": "admin.logentry", "pk": 110, "fields": {"action_time": "2022-09-21T17:43:37.399Z", "user": 1, "content_type": 16, "object_id": "1", "object_repr": "Doctor", "action_flag": 1, "change_message": "[{\"added\": {}}]"}}, {"model": "admin.logentry", "pk": 111, "fields": {"action_time": "2022-09-21T17:46:25.266Z", "user": 1, "content_type": 16, "object_id": "1", "object_repr": "Doctor", "action_flag": 3, "change_message": ""}}, {"model": "admin.logentry", "pk": 112, "fields": {"action_time": "2022-09-21T17:47:03.174Z", "user": 1, "content_type": 16, "object_id": "2", "object_repr": "Doctor", "action_flag": 1, "change_message": "[{\"added\": {}}]"}}, {"model": "auth.permission", "pk": 1, "fields": {"name": "Can add log entry", "content_type": 1, "codename": "add_logentry"}}, {"model": "auth.permission", "pk": 2, "fields": {"name": "Can change log entry", "content_type": 1, "codename": "change_logentry"}}, {"model": "auth.permission", "pk": 3, "fields": {"name": "Can delete log entry", "content_type": 1, "codename": "delete_logentry"}}, {"model": "auth.permission", "pk": 4, "fields": {"name": "Can view log entry", "content_type": 1, "codename": "view_logentry"}}, {"model": "auth.permission", "pk": 5, "fields": {"name": "Can add permission", "content_type": 2, "codename": "add_permission"}}, {"model": "auth.permission", "pk": 6, "fields": {"name": "Can change permission", "content_type": 2, "codename": "change_permission"}}, {"model": "auth.permission", "pk": 7, "fields": {"name": "Can delete permission", "content_type": 2, "codename": "delete_permission"}}, {"model": "auth.permission", "pk": 8, "fields": {"name": "Can view permission", "content_type": 2, "codename": "view_permission"}}, {"model": "auth.permission", "pk": 9, "fields": {"name": "Can add group", "content_type": 3, "codename": "add_group"}}, {"model": "auth.permission", "pk": 10, "fields": {"name": "Can change group", "content_type": 3, "codename": "change_group"}}, {"model": "auth.permission", "pk": 11, "fields": {"name": "Can delete group", "content_type": 3, "codename": "delete_group"}}, {"model": "auth.permission", "pk": 12, "fields": {"name": "Can view group", "content_type": 3, "codename": "view_group"}}, {"model": "auth.permission", "pk": 13, "fields": {"name": "Can add content type", "content_type": 4, "codename": "add_contenttype"}}, {"model": "auth.permission", "pk": 14, "fields": {"name": "Can change content type", "content_type": 4, "codename": "change_contenttype"}}, {"model": "auth.permission", "pk": 15, "fields": {"name": "Can delete content type", "content_type": 4, "codename": "delete_contenttype"}}, {"model": "auth.permission", "pk": 16, "fields": {"name": "Can view content type", "content_type": 4, "codename": "view_contenttype"}}, {"model": "auth.permission", "pk": 17, "fields": {"name": "Can add session", "content_type": 5, "codename": "add_session"}}, {"model": "auth.permission", "pk": 18, "fields": {"name": "Can change session", "content_type": 5, "codename": "change_session"}}, {"model": "auth.permission", "pk": 19, "fields": {"name": "Can delete session", "content_type": 5, "codename": "delete_session"}}, {"model": "auth.permission", "pk": 20, "fields": {"name": "Can view session", "content_type": 5, "codename": "view_session"}}, {"model": "auth.permission", "pk": 21, "fields": {"name": "Can add category", "content_type": 6, "codename": "add_category"}}, {"model": "auth.permission", "pk": 22, "fields": {"name": "Can change category", "content_type": 6, "codename": "change_category"}}, {"model": "auth.permission", "pk": 23, "fields": {"name": "Can delete category", "content_type": 6, "codename": "delete_category"}}, {"model": "auth.permission", "pk": 24, "fields": {"name": "Can view category", "content_type": 6, "codename": "view_category"}}, {"model": "auth.permission", "pk": 25, "fields": {"name": "Can add account", "content_type": 7, "codename": "add_account"}}, {"model": "auth.permission", "pk": 26, "fields": {"name": "Can change account", "content_type": 7, "codename": "change_account"}}, {"model": "auth.permission", "pk": 27, "fields": {"name": "Can delete account", "content_type": 7, "codename": "delete_account"}}, {"model": "auth.permission", "pk": 28, "fields": {"name": "Can view account", "content_type": 7, "codename": "view_account"}}, {"model": "auth.permission", "pk": 29, "fields": {"name": "Can add product", "content_type": 8, "codename": "add_product"}}, {"model": "auth.permission", "pk": 30, "fields": {"name": "Can change product", "content_type": 8, "codename": "change_product"}}, {"model": "auth.permission", "pk": 31, "fields": {"name": "Can delete product", "content_type": 8, "codename": "delete_product"}}, {"model": "auth.permission", "pk": 32, "fields": {"name": "Can view product", "content_type": 8, "codename": "view_product"}}, {"model": "auth.permission", "pk": 33, "fields": {"name": "Can add cart", "content_type": 9, "codename": "add_cart"}}, {"model": "auth.permission", "pk": 34, "fields": {"name": "Can change cart", "content_type": 9, "codename": "change_cart"}}, {"model": "auth.permission", "pk": 35, "fields": {"name": "Can delete cart", "content_type": 9, "codename": "delete_cart"}}, {"model": "auth.permission", "pk": 36, "fields": {"name": "Can view cart", "content_type": 9, "codename": "view_cart"}}, {"model": "auth.permission", "pk": 37, "fields": {"name": "Can add cart item", "content_type": 10, "codename": "add_cartitem"}}, {"model": "auth.permission", "pk": 38, "fields": {"name": "Can change cart item", "content_type": 10, "codename": "change_cartitem"}}, {"model": "auth.permission", "pk": 39, "fields": {"name": "Can delete cart item", "content_type": 10, "codename": "delete_cartitem"}}, {"model": "auth.permission", "pk": 40, "fields": {"name": "Can view cart item", "content_type": 10, "codename": "view_cartitem"}}, {"model": "auth.permission", "pk": 41, "fields": {"name": "Can add variation", "content_type": 11, "codename": "add_variation"}}, {"model": "auth.permission", "pk": 42, "fields": {"name": "Can change variation", "content_type": 11, "codename": "change_variation"}}, {"model": "auth.permission", "pk": 43, "fields": {"name": "Can delete variation", "content_type": 11, "codename": "delete_variation"}}, {"model": "auth.permission", "pk": 44, "fields": {"name": "Can view variation", "content_type": 11, "codename": "view_variation"}}, {"model": "auth.permission", "pk": 45, "fields": {"name": "Can add order", "content_type": 12, "codename": "add_order"}}, {"model": "auth.permission", "pk": 46, "fields": {"name": "Can change order", "content_type": 12, "codename": "change_order"}}, {"model": "auth.permission", "pk": 47, "fields": {"name": "Can delete order", "content_type": 12, "codename": "delete_order"}}, {"model": "auth.permission", "pk": 48, "fields": {"name": "Can view order", "content_type": 12, "codename": "view_order"}}, {"model": "auth.permission", "pk": 49, "fields": {"name": "Can add order product", "content_type": 13, "codename": "add_orderproduct"}}, {"model": "auth.permission", "pk": 50, "fields": {"name": "Can change order product", "content_type": 13, "codename": "change_orderproduct"}}, {"model": "auth.permission", "pk": 51, "fields": {"name": "Can delete order product", "content_type": 13, "codename": "delete_orderproduct"}}, {"model": "auth.permission", "pk": 52, "fields": {"name": "Can view order product", "content_type": 13, "codename": "view_orderproduct"}}, {"model": "auth.permission", "pk": 53, "fields": {"name": "Can add payment", "content_type": 14, "codename": "add_payment"}}, {"model": "auth.permission", "pk": 54, "fields": {"name": "Can change payment", "content_type": 14, "codename": "change_payment"}}, {"model": "auth.permission", "pk": 55, "fields": {"name": "Can delete payment", "content_type": 14, "codename": "delete_payment"}}, {"model": "auth.permission", "pk": 56, "fields": {"name": "Can view payment", "content_type": 14, "codename": "view_payment"}}, {"model": "auth.permission", "pk": 57, "fields": {"name": "Can add review rating", "content_type": 15, "codename": "add_reviewrating"}}, {"model": "auth.permission", "pk": 58, "fields": {"name": "Can change review rating", "content_type": 15, "codename": "change_reviewrating"}}, {"model": "auth.permission", "pk": 59, "fields": {"name": "Can delete review rating", "content_type": 15, "codename": "delete_reviewrating"}}, {"model": "auth.permission", "pk": 60, "fields": {"name": "Can view review rating", "content_type": 15, "codename": "view_reviewrating"}}, {"model": "auth.permission", "pk": 61, "fields": {"name": "Can add user profile", "content_type": 16, "codename": "add_userprofile"}}, {"model": "auth.permission", "pk": 62, "fields": {"name": "Can change user profile", "content_type": 16, "codename": "change_userprofile"}}, {"model": "auth.permission", "pk": 63, "fields": {"name": "Can delete user profile", "content_type": 16, "codename": "delete_userprofile"}}, {"model": "auth.permission", "pk": 64, "fields": {"name": "Can view user profile", "content_type": 16, "codename": "view_userprofile"}}, {"model": "auth.permission", "pk": 65, "fields": {"name": "Can add login attempt", "content_type": 17, "codename": "add_loginattempt"}}, {"model": "auth.permission", "pk": 66, "fields": {"name": "Can change login attempt", "content_type": 17, "codename": "change_loginattempt"}}, {"model": "auth.permission", "pk": 67, "fields": {"name": "Can delete login attempt", "content_type": 17, "codename": "delete_loginattempt"}}, {"model": "auth.permission", "pk": 68, "fields": {"name": "Can view login attempt", "content_type": 17, "codename": "view_loginattempt"}}, {"model": "contenttypes.contenttype", "pk": 1, "fields": {"app_label": "admin", "model": "logentry"}}, {"model": "contenttypes.contenttype", "pk": 2, "fields": {"app_label": "auth", "model": "permission"}}, {"model": "contenttypes.contenttype", "pk": 3, "fields": {"app_label": "auth", "model": "group"}}, {"model": "contenttypes.contenttype", "pk": 4, "fields": {"app_label": "contenttypes", "model": "contenttype"}}, {"model": "contenttypes.contenttype", "pk": 5, "fields": {"app_label": "sessions", "model": "session"}}, {"model": "contenttypes.contenttype", "pk": 6, "fields": {"app_label": "category", "model": "category"}}, {"model": "contenttypes.contenttype", "pk": 7, "fields": {"app_label": "accounts", "model": "account"}}, {"model": "contenttypes.contenttype", "pk": 8, "fields": {"app_label": "store", "model": "product"}}, {"model": "contenttypes.contenttype", "pk": 9, "fields": {"app_label": "carts", "model": "cart"}}, {"model": "contenttypes.contenttype", "pk": 10, "fields": {"app_label": "carts", "model": "cartitem"}}, {"model": "contenttypes.contenttype", "pk": 11, "fields": {"app_label": "store", "model": "variation"}}, {"model": "contenttypes.contenttype", "pk": 12, "fields": {"app_label": "orders", "model": "order"}}, {"model": "contenttypes.contenttype", "pk": 13, "fields": {"app_label": "orders", "model": "orderproduct"}}, {"model": "contenttypes.contenttype", "pk": 14, "fields": {"app_label": "orders", "model": "payment"}}, {"model": "contenttypes.contenttype", "pk": 15, "fields": {"app_label": "store", "model": "reviewrating"}}, {"model": "contenttypes.contenttype", "pk": 16, "fields": {"app_label": "accounts", "model": "userprofile"}}, {"model": "contenttypes.contenttype", "pk": 17, "fields": {"app_label": "admin_honeypot", "model": "loginattempt"}}, {"model": "sessions.session", "pk": "0aqqjfz9llywof8ieitpbk0e3184la8a", "fields": {"session_data": "e30:1oaKMZ:gjTfDcvGXdZjbv70n5X5ET2eFqpZ1MXL7hMKq0QMEWM", "expire_date": "2022-10-03T17:15:19.974Z"}}, {"model": "sessions.session", "pk": "7226zxf3jlhea54msqnil3ppe7z46h6w", "fields": {"session_data": "e30:1obR1H:roGMrohBHyGTYhsJDGo3IbW4u380yofZssoSzUHUf6Y", "expire_date": "2022-10-06T18:33:55.351Z"}}, {"model": "sessions.session", "pk": "bxxkbfg6uka3xbwbh1rqsv638kgvugbr", "fields": {"session_data": "e30:1oaKMq:CDKs3JtEQ1mgagyonone_MpkzMYVKenGenFtBHCaN1I", "expire_date": "2022-10-03T17:15:36.427Z"}}, {"model": "sessions.session", "pk": "f4h5qrf35c53v5l2dlln0kx3nhzmeol2", "fields": {"session_data": "e30:1oaKal:Nq01eWZWpNWqSzi3i1kXVSncLLrpZyaCO-nuDnErf0g", "expire_date": "2022-10-03T17:29:59.646Z"}}, {"model": "sessions.session", "pk": "hwdkn8nd026jjbc29jqy3zouzr8d8eb6", "fields": {"session_data": ".eJxVjEEOwiAQRe_C2hAogXFcuvcMZBgGqRqalHbVeHdt0oVu_3vvbyrSutS4dpnjmNVFWXX63RLxU9oO8oPafdI8tWUek94VfdCub1OW1_Vw_w4q9fqtIQOcxTtCi2IC24COisUgRdh7XwYASJC4OB4QuIBFk42DZNizCer9Ad1hN70:1oY8ul:5IB1piECalzEGks5Yos9OFnquMLeagVtL0MqaUSZc-0", "expire_date": "2022-09-27T16:37:35.807Z"}}, {"model": "sessions.session", "pk": "je93tgbplvyr835pfj1y4grn4xpoevp6", "fields": {"session_data": "e30:1oaKMi:pVGnsYA_5Ot7-PsmHC-ujdHNYm9q4ZIjsIlAtzxVygs", "expire_date": "2022-10-03T17:15:28.185Z"}}, {"model": "sessions.session", "pk": "r5147we84c4lrf4uywptrkbm0bn0l36s", "fields": {"session_data": ".eJxVjEEOwiAQRe_C2hAogXFcuvcMZBgGqRqalHbVeHdt0oVu_3vvbyrSutS4dpnjmNVFWXX63RLxU9oO8oPafdI8tWUek94VfdCub1OW1_Vw_w4q9fqtIQOcxTtCi2IC24COisUgRdh7XwYASJC4OB4QuIBFk42DZNizCer9Ad1hN70:1oVfZn:UhUyrsk8Tv2A6KNDT0UlJ4EZp7Skbb_DWv7sUGOJkJQ", "expire_date": "2022-09-20T20:53:43.179Z"}}, {"model": "sessions.session", "pk": "vfb7z0gco5jb9b265r0a8v5vbpxesij0", "fields": {"session_data": "e30:1oaKNB:5cRC1wbCTceNFvdLMEZcBNemAJkIZ1MEJRPmNmu1N7A", "expire_date": "2022-10-03T17:15:57.628Z"}}, {"model": "sessions.session", "pk": "wkrbgz26scdthcxpoiy10w6trns9utzm", "fields": {"session_data": "e30:1oVfYA:qYBFBaj-GNPw7eQrF6D5rcUPwku5URhQeoiRS_knhOs", "expire_date": "2022-09-20T20:52:02.496Z"}}, {"model": "category.category", "pk": 1, "fields": {"category_name": "Computadoras", "description": "Computadoras modernas", "slug": "computadoras", "cat_image": "photos/categories/compu_01.jpeg"}}, {"model": "category.category", "pk": 2, "fields": {"category_name": "Ropa de verano", "description": "Ropa de verano en promoción", "slug": "ropa-de-verano", "cat_image": "photos/categories/ropa01.jpeg"}}, {"model": "category.category", "pk": 3, "fields": {"category_name": "Música y Media", "description": "Música moderna", "slug": "musica-y-media", "cat_image": "photos/categories/musica01.jpeg"}}, {"model": "category.category", "pk": 4, "fields": {"category_name": "Muebles de oficina", "description": "Muebles finos", "slug": "muebles-de-oficina", "cat_image": "photos/categories/muebles01.jpeg"}}, {"model": "category.category", "pk": 5, "fields": {"category_name": "Tecnología", "description": "Tecnología al alcance de todos", "slug": "tecnologia", "cat_image": "photos/categories/tecnologia01.jpeg"}}, {"model": "accounts.account", "pk": 1, "fields": {"password": "pbkdf2_sha256$260000$kVynUx4NfbJARMiIxMU8mD$HwbMgGyybH2r/PwQ7xe2t9kjqYGwEHmeRrquEqKaJj0=", "first_name": "Doctor", "last_name": "Fuser", "username": "drfuser", "email": "drfuser@gmail.com", "phone_number": "5555555555", "date_joined": "2022-08-22T20:38:21.595Z", "last_login": "2022-09-22T17:53:58.575Z", "is_admin": true, "is_staff": true, "is_active": true, "is_superadmin": true}}, {"model": "accounts.account", "pk": 2, "fields": {"password": "pbkdf2_sha256$390000$I5WwjPutvhBbYEB2xFHkbn$Cc/HEGOYpWpuigEQUz1pj9R30ygI61ZDYXKXkvNY5B4=", "first_name": "Jorge", "last_name": "Salgado", "username": "jaso_98", "email": "jaso_98@hotmail.com", "phone_number": "4432186050", "date_joined": "2022-08-30T18:11:50.449Z", "last_login": "2022-08-30T18:11:50.449Z", "is_admin": false, "is_staff": false, "is_active": false, "is_superadmin": false}}, {"model": "accounts.account", "pk": 3, "fields": {"password": "pbkdf2_sha256$390000$XZ3l2TRtWHfyl3zxqjggMa$ystu7fTaC8ZVKEtmWFyZzFi7EnHdD9l60IMVPZgnU0A=", "first_name": "Jaso", "last_name": "Salgado", "username": "jasosalgado", "email": "jasosalgado@gmail.com", "phone_number": "0000000", "date_joined": "2022-08-30T18:33:05.354Z", "last_login": "2022-08-30T18:33:05.354Z", "is_admin": false, "is_staff": false, "is_active": false, "is_superadmin": false}}, {"model": "accounts.account", "pk": 4, "fields": {"password": "pbkdf2_sha256$390000$lYmsMUvWI9GN31pOKmXw9f$oVLgnBNQGxGXgR6d7PykoDMvKZC6AG7RKlE0Fh5lkQA=", "first_name": "Christian", "last_name": "Garcia", "username": "cg", "email": "cg@gmail.com", "phone_number": "4126952", "date_joined": "2022-08-30T18:35:41.273Z", "last_login": "2022-08-30T18:35:41.273Z", "is_admin": false, "is_staff": false, "is_active": false, "is_superadmin": false}}, {"model": "accounts.account", "pk": 6, "fields": {"password": "pbkdf2_sha256$390000$lZPlN9yTGKZRwvKKZsuJJV$205lXaKH3h6wPkcOwldGedISHoj5In5TqJ/Ph4hJ/Iw=", "first_name": "Ernesto", "last_name": "Guevara", "username": "guevaraernesto051", "email": "guevaraernesto051@gmail.com", "phone_number": "4455226633", "date_joined": "2022-08-31T21:01:57.850Z", "last_login": "2022-08-31T21:01:57.850Z", "is_admin": false, "is_staff": false, "is_active": false, "is_superadmin": false}}, {"model": "accounts.account", "pk": 7, "fields": {"password": "pbkdf2_sha256$390000$0XmdEqdF78zLbYBsG3H4qK$2FhGxIZ+x5oqA0gMvF65l08Qo7mc1u4GvM7Df/HKuG4=", "first_name": "J", "last_name": "S", "username": "js", "email": "js@hotmail.com", "phone_number": "112233445566", "date_joined": "2022-09-21T20:43:23.706Z", "last_login": "2022-09-21T20:43:23.706Z", "is_admin": false, "is_staff": false, "is_active": false, "is_superadmin": false}}, {"model": "accounts.userprofile", "pk": 2, "fields": {"user": 1, "address_line_1": "Dirección principal", "address_line_2": "Dirección secundaria", "profile_picture": "userprofile/profile3x_doe18EA.png", "city": "Morelia", "state": "Michoacán", "country": "México"}}, {"model": "accounts.userprofile", "pk": 3, "fields": {"user": 7, "address_line_1": "", "address_line_2": "", "profile_picture": "default/default-user.png", "city": "", "state": "", "country": ""}}, {"model": "store.product", "pk": 1, "fields": {"product_name": "Headphones", "slug": "headphones", "description": "Lorem Ipsum is simply dummy text of the printing and typesetting industry. Lorem Ipsum has been the industry's standard dummy text ever since the 1500s, when an unknown printer took a galley of type and scrambled it to make a type specimen book. It has survived not only five centuries, but also the leap into electronic typesetting, remaining essentially unchanged. It was popularised in the 1960s with the release of Letraset sheets containing Lorem Ipsum passages, and more recently with desktop p", "price": 350, "images": "photos/products/9_lHLtBLg.jpg", "stock": 0, "is_available": true, "category": 5, "created_date": "2022-08-23T16:34:44.093Z", "modified_date": "2022-08-23T20:57:55.674Z"}}, {"model": "store.product", "pk": 2, "fields": {"product_name": "Ipad Pro", "slug": "ipad-pro", "description": "Lorem Ipsum is simply dummy text of the printing and typesetting industry. Lorem Ipsum has been the industry's standard dummy text ever since the 1500s, when an unknown printer took a galley of type and scrambled it to make a type specimen book. It has survived not only five centuries, but also the leap into electronic typesetting, remaining essentially unchanged. It was popularised in the 1960s with the release of Letraset sheets containing Lorem Ipsum passages, and more recently with desktop p", "price": 800, "images": "photos/products/1002.jpg", "stock": 600, "is_available": true, "category": 5, "created_date": "2022-08-23T16:35:47.948Z", "modified_date": "2022-08-23T20:40:37.653Z"}}, {"model": "store.product", "pk": 3, "fields": {"product_name": "Equipo de sonido", "slug": "equipo-de-sonido", "description": "Lorem Ipsum is simply dummy text of the printing and typesetting industry. Lorem Ipsum has been the industry's standard dummy text ever since the 1500s, when an unknown printer took a galley of type and scrambled it to make a type specimen book. It has survived not only five centuries, but also the leap into electronic typesetting, remaining essentially unchanged. It was popularised in the 1960s with the release of Letraset sheets containing Lorem Ipsum passages, and more recently with desktop p", "price": 600, "images": "photos/products/400.jpg", "stock": 3, "is_available": true, "category": 3, "created_date": "2022-08-23T16:36:32.680Z", "modified_date": "2022-08-23T16:36:32.680Z"}}, {"model": "store.product", "pk": 4, "fields": {"product_name": "Game chair", "slug": "game-chair", "description": "Lorem Ipsum is simply dummy text of the printing and typesetting industry. Lorem Ipsum has been the industry's standard dummy text ever since the 1500s, when an unknown printer took a galley of type and scrambled it to make a type specimen book. It has survived not only five centuries, but also the leap into electronic typesetting, remaining essentially unchanged. It was popularised in the 1960s with the release of Letraset sheets containing Lorem Ipsum passages, and more recently with desktop p", "price": 550, "images": "photos/products/1004.jpg", "stock": 1, "is_available": true, "category": 5, "created_date": "2022-08-23T16:37:08.430Z", "modified_date": "2022-09-13T17:49:56.493Z"}}, {"model": "store.product", "pk": 5, "fields": {"product_name": "Monitor MSI", "slug": "monitor-msi", "description": "Lorem Ipsum is simply dummy text of the printing and typesetting industry. Lorem Ipsum has been the industry's standard dummy text ever since the 1500s, when an unknown printer took a galley of type and scrambled it to make a type specimen book. It has survived not only five centuries, but also the leap into electronic typesetting, remaining essentially unchanged. It was popularised in the 1960s with the release of Letraset sheets containing Lorem Ipsum passages, and more recently with desktop p", "price": 340, "images": "photos/products/600.jpg", "stock": 8, "is_available": true, "category": 5, "created_date": "2022-08-23T16:37:39.096Z", "modified_date": "2022-08-23T16:37:39.096Z"}}, {"model": "store.product", "pk": 6, "fields": {"product_name": "Mouse logitech", "slug": "mouse-logitech", "description": "Lorem Ipsum is simply dummy text of the printing and typesetting industry. Lorem Ipsum has been the industry's standard dummy text ever since the 1500s, when an unknown printer took a galley of type and scrambled it to make a type specimen book. It has survived not only five centuries, but also the leap into electronic typesetting, remaining essentially unchanged. It was popularised in the 1960s with the release of Letraset sheets containing Lorem Ipsum passages, and more recently with desktop p", "price": 60, "images": "photos/products/500.jpg", "stock": 3, "is_available": true, "category": 1, "created_date": "2022-08-23T16:38:09.124Z", "modified_date": "2022-08-23T16:38:09.124Z"}}, {"model": "store.product", "pk": 7, "fields": {"product_name": "Camisa primavera", "slug": "camisa-primavera", "description": "Lorem Ipsum is simply dummy text of the printing and typesetting industry. Lorem Ipsum has been the industry's standard dummy text ever since the 1500s, when an unknown printer took a galley of type and scrambled it to make a type specimen book. It has survived not only five centuries, but also the leap into electronic typesetting, remaining essentially unchanged. It was popularised in the 1960s with the release of Letraset sheets containing Lorem Ipsum passages, and more recently with desktop p", "price": 90, "images": "photos/products/900.jpg", "stock": 300, "is_available": true, "category": 2, "created_date": "2022-08-23T16:38:35.072Z", "modified_date": "2022-08-23T17:34:50.455Z"}}, {"model": "store.product", "pk": 8, "fields": {"product_name": "Macbook Pro", "slug": "macbook-pro", "description": "Lorem Ipsum is simply dummy text of the printing and typesetting industry. Lorem Ipsum has been the industry's standard dummy text ever since the 1500s, when an unknown printer took a galley of type and scrambled it to make a type specimen book. It has survived not only five centuries, but also the leap into electronic typesetting, remaining essentially unchanged. It was popularised in the 1960s with the release of Letraset sheets containing Lorem Ipsum passages, and more recently with desktop p", "price": 3500, "images": "photos/products/1006.jpg", "stock": 9, "is_available": true, "category": 1, "created_date": "2022-08-23T16:39:10.840Z", "modified_date": "2022-08-23T16:39:10.840Z"}}, {"model": "store.product", "pk": 9, "fields": {"product_name": "AirPods", "slug": "airpods", "description": "Lorem Ipsum is simply dummy text of the printing and typesetting industry. Lorem Ipsum has been the industry's standard dummy text ever since the 1500s, when an unknown printer took a galley of type and scrambled it to make a type specimen book. It has survived not only five centuries, but also the leap into electronic typesetting, remaining essentially unchanged. It was popularised in the 1960s with the release of Letraset sheets containing Lorem Ipsum passages, and more recently with desktop p", "price": 250, "images": "photos/products/700.jpg", "stock": 60, "is_available": true, "category": 5, "created_date": "2022-08-23T16:41:09.721Z", "modified_date": "2022-08-23T16:41:09.721Z"}}, {"model": "store.product", "pk": 10, "fields": {"product_name": "Computadora desktop", "slug": "computadora-desktop", "description": "Lorem Ipsum is simply dummy text of the printing and typesetting industry. Lorem Ipsum has been the industry's standard dummy text ever since the 1500s, when an unknown printer took a galley of type and scrambled it to make a type specimen book. It has survived not only five centuries, but also the leap into electronic typesetting, remaining essentially unchanged. It was popularised in the 1960s with the release of Letraset sheets containing Lorem Ipsum passages, and more recently with desktop p", "price": 900, "images": "photos/products/1007.jpg", "stock": 600, "is_available": true, "category": 1, "created_date": "2022-08-23T16:41:45.952Z", "modified_date": "2022-08-23T16:41:45.952Z"}}, {"model": "store.product", "pk": 11, "fields": {"product_name": "Camisa moderna", "slug": "camisa-moderna", "description": "Lorem Ipsum is simply dummy text of the printing and typesetting industry. Lorem Ipsum has been the industry's standard dummy text ever since the 1500s, when an unknown printer took a galley of type and scrambled it to make a type specimen book. It has survived not only five centuries, but also the leap into electronic typesetting, remaining essentially unchanged. It was popularised in the 1960s with the release of Letraset sheets containing Lorem Ipsum passages, and more recently with desktop p", "price": 50, "images": "photos/products/1000.jpg", "stock": 297, "is_available": true, "category": 2, "created_date": "2022-08-23T16:42:20.344Z", "modified_date": "2022-09-21T17:23:32.244Z"}}, {"model": "store.product", "pk": 12, "fields": {"product_name": "Headphones Apple", "slug": "headphones-apple", "description": "Lorem Ipsum is simply dummy text of the printing and typesetting industry. Lorem Ipsum has been the industry's standard dummy text ever since the 1500s, when an unknown printer took a galley of type and scrambled it to make a type specimen book. It has survived not only five centuries, but also the leap into electronic typesetting, remaining essentially unchanged. It was popularised in the 1960s with the release of Letraset sheets containing Lorem Ipsum passages, and more recently with desktop p", "price": 350, "images": "photos/products/800_QowB2VL.jpg", "stock": 100, "is_available": true, "category": 5, "created_date": "2022-08-23T16:46:03.725Z", "modified_date": "2022-08-23T17:34:45.432Z"}}, {"model": "store.variation", "pk": 1, "fields": {"product": 11, "variation_category": "color", "variation_value": "rojo", "is_active": true, "created_date": "2022-08-29T17:34:06.320Z"}}, {"model": "store.variation", "pk": 2, "fields": {"product": 11, "variation_category": "color", "variation_value": "negro", "is_active": true, "created_date": "2022-08-29T17:34:18.141Z"}}, {"model": "store.variation", "pk": 3, "fields": {"product": 11, "variation_category": "color", "variation_value": "naranja", "is_active": true, "created_date": "2022-08-29T17:34:29.918Z"}}, {"model": "store.variation", "pk": 4, "fields": {"product": 11, "variation_category": "color", "variation_value": "lila", "is_active": true, "created_date": "2022-08-29T17:34:39.583Z"}}, {"model": "store.variation", "pk": 5, "fields": {"product": 11, "variation_category": "size", "variation_value": "Large", "is_active": true, "created_date": "2022-08-29T17:34:50.429Z"}}, {"model": "store.variation", "pk": 6, "fields": {"product": 11, "variation_category": "size", "variation_value": "Small", "is_active": true, "created_date": "2022-08-29T17:34:58.180Z"}}, {"model": "store.variation", "pk": 7, "fields": {"product": 11, "variation_category": "size", "variation_value": "Medium", "is_active": true, "created_date": "2022-08-29T17:35:06.607Z"}}, {"model": "store.reviewrating", "pk": 1, "fields": {"product": 11, "user": 3, "subject": "Buen producto", "review": "Me compraría otra sin problema", "rating": 5.0, "ip": "", "status": true, "created_at": "2022-09-19T17:04:53.649Z", "udated_at": "2022-09-19T17:04:53.649Z"}}, {"model": "carts.cart", "pk": 13, "fields": {"cart_id": "ibm5nrb3ahc9t3j1m5qfflz8a2ip0pyo", "date_added": "2022-09-06"}}, {"model": "carts.cart", "pk": 14, "fields": {"cart_id": "50hd2ef2turldh3wfrmdgq2jjuad9mnd", "date_added": "2022-09-06"}}, {"model": "carts.cart", "pk": 15, "fields": {"cart_id": "1ocv7htgzobjvg5dh9zevnt9fpf3q6j6", "date_added": "2022-09-06"}}, {"model": "carts.cart", "pk": 16, "fields": {"cart_id": "fozq1stcc5oykakchw4jcc96ga0j3x1d", "date_added": "2022-09-06"}}, {"model": "carts.cart", "pk": 17, "fields": {"cart_id": "d68admyc8h8sen70if8vnxbwmrwx69k0", "date_added": "2022-09-06"}}, {"model": "carts.cart", "pk": 18, "fields": {"cart_id": "21z1sz1sf9pot4u6eghuqmiposgmy2q4", "date_added": "2022-09-06"}}, {"model": "carts.cart", "pk": 19, "fields": {"cart_id": "z10xo612qarfmc8re9mbl71cqj5mpchu", "date_added": "2022-09-08"}}, {"model": "carts.cartitem", "pk": 41, "fields": {"user": null, "product": 11, "cart": 13, "quantity": 1, "is_active": true, "variations": [1]}}, {"model": "carts.cartitem", "pk": 42, "fields": {"user": null, "product": 11, "cart": 14, "quantity": 1, "is_active": true, "variations": [1]}}, {"model": "carts.cartitem", "pk": 43, "fields": {"user": null, "product": 11, "cart": 15, "quantity": 1, "is_active": true, "variations": [1]}}, {"model": "orders.payment", "pk": 3, "fields": {"user": 1, "payment_id": "0NV55923TR110010J", "payment_method": "PayPal", "amount_id": "102.0", "status": "COMPLETED", "created_at": "2022-09-21T17:23:32.230Z"}}, {"model": "orders.order", "pk": 41, "fields": {"user": 1, "payment": 3, "order_number": "2022092141", "first_name": "asdfg", "last_name": "dfghjkl", "phone": "4565456", "email": "h@hotmail.com", "address_line_1": "dftyujnbvgh", "address_line_2": "cfghjukmnbvghu", "state": "vghuiokl,mn", "city": "vghjkm", "country": "bgghjunbvgyu", "order_note": "fgyuikmnbgyuikjnbvgh", "order_total": 102.0, "tax": 2.0, "status": "New", "ip": "127.0.0.1", "is_ordered": true, "created_at": "2022-09-21T17:22:36.025Z", "updated_at": "2022-09-21T17:23:32.233Z"}}, {"model": "orders.orderproduct", "pk": 3, "fields": {"order": 41, "payment": 3, "user": 1, "product": 11, "quantity": 2, "product_price": 50.0, "ordered": true, "created_at": "2022-09-21T17:23:32.236Z", "updated_at": "2022-09-21T17:23:32.241Z", "variation": []}}, {"model": "admin_honeypot.loginattempt", "pk": 1, "fields": {"username": "drfuser@gmail.com", "ip_address": "127.0.0.1", "session_key": "r9i7dvx1e8hrjx9zf431c49of93duiq3", "user_agent": "Mozilla/5.0 (Macintosh; Intel Mac OS X 10_15_7) AppleWebKit/605.1.15 (KHTML, like Gecko) Version/16.0 Safari/605.1.15", "timestamp": "2022-09-22T17:53:40.956Z", "path": "/admin/login/?next=/admin/"}}]